AttendanceID,EmployeeID,AttendanceDate,HoursWorked,OvertimeHours,LeaveType,ProjectID
ATT0001,EMP001,2026-01-05,9,1,,PRJ001
ATT0002,EMP001,2026-01-06,9,1,,PRJ001
ATT0003,EMP001,2026-01-07,8,0,,PRJ001
ATT0004,EMP001,2026-01-08,10,2,,PRJ001
ATT0005,EMP001,2026-01-12,9,1,,PRJ001
ATT0006,EMP001,2026-01-13,8,0,,PRJ001
ATT0007,EMP001,2026-01-14,9,1,,PRJ001
ATT0008,EMP001,2026-01-15,8,0,,PRJ001
ATT0009,EMP001,2026-01-19,0,0,Annual Leave,PRJ001
ATT0010,EMP001,2026-01-20,0,0,Annual Leave,PRJ001
ATT0011,EMP001,2026-01-21,9,1,,PRJ001
ATT0012,EMP001,2026-01-22,8,0,,PRJ001
ATT0013,EMP001,2026-01-26,9,1,,PRJ001
ATT0014,EMP001,2026-01-27,10,2,,PRJ001
ATT0015,EMP001,2026-01-28,8,0,,PRJ001
ATT0016,EMP001,2026-01-29,9,1,,PRJ001
ATT0017,EMP001,2026-02-02,9,1,,PRJ001
ATT0018,EMP001,2026-02-03,8,0,,PRJ001
ATT0019,EMP001,2026-02-04,9,1,,PRJ001
ATT0020,EMP001,2026-02-05,10,2,,PRJ001
ATT0021,EMP001,2026-02-09,9,1,,PRJ001
ATT0022,EMP001,2026-02-10,8,0,,PRJ001
ATT0023,EMP001,2026-02-11,9,1,,PRJ001
ATT0024,EMP001,2026-02-12,8,0,,PRJ001
ATT0025,EMP001,2026-02-16,9,1,,PRJ001
ATT0026,EMP001,2026-02-17,10,2,,PRJ001
ATT0027,EMP001,2026-02-18,8,0,,PRJ001
ATT0028,EMP001,2026-02-19,9,1,,PRJ001
ATT0029,EMP001,2026-02-23,9,1,,PRJ001
ATT0030,EMP001,2026-02-24,8,0,,PRJ001
ATT0031,EMP001,2026-02-25,9,1,,PRJ001
ATT0032,EMP001,2026-02-26,8,0,,PRJ001
ATT0033,EMP001,2026-03-02,9,1,,PRJ001
ATT0034,EMP001,2026-03-03,10,2,,PRJ001
ATT0035,EMP001,2026-03-04,8,0,,PRJ001
ATT0036,EMP001,2026-03-05,9,1,,PRJ001
ATT0037,EMP001,2026-03-09,9,1,,PRJ001
ATT0038,EMP001,2026-03-10,8,0,,PRJ001
ATT0039,EMP001,2026-03-11,0,0,Sick Leave,PRJ001
ATT0040,EMP001,2026-03-12,9,1,,PRJ001
ATT0041,EMP002,2026-01-05,8,0,,PRJ007
ATT0042,EMP002,2026-01-06,8,0,,PRJ007
ATT0043,EMP002,2026-01-07,8,0,,PRJ007
ATT0044,EMP002,2026-01-08,8,0,,PRJ007
ATT0045,EMP002,2026-01-12,8,0,,PRJ007
ATT0046,EMP002,2026-01-13,8,0,,PRJ007
ATT0047,EMP002,2026-01-14,8,0,,PRJ007
ATT0048,EMP002,2026-01-15,8,0,,PRJ007
ATT0049,EMP002,2026-01-19,8,0,,PRJ007
ATT0050,EMP002,2026-01-20,8,0,,PRJ007
ATT0051,EMP002,2026-01-21,8,0,,PRJ007
ATT0052,EMP002,2026-01-22,8,0,,PRJ007
ATT0053,EMP002,2026-01-26,8,0,,PRJ007
ATT0054,EMP002,2026-01-27,8,0,,PRJ007
ATT0055,EMP002,2026-01-28,0,0,Annual Leave,PRJ007
ATT0056,EMP002,2026-01-29,8,0,,PRJ007
ATT0057,EMP002,2026-02-02,8,0,,PRJ007
ATT0058,EMP002,2026-02-03,8,0,,PRJ007
ATT0059,EMP002,2026-02-04,8,0,,PRJ007
ATT0060,EMP002,2026-02-05,8,0,,PRJ007
ATT0061,EMP002,2026-02-09,8,0,,PRJ007
ATT0062,EMP002,2026-02-10,8,0,,PRJ007
ATT0063,EMP002,2026-02-11,8,0,,PRJ007
ATT0064,EMP002,2026-02-12,8,0,,PRJ007
ATT0065,EMP002,2026-02-16,8,0,,PRJ007
ATT0066,EMP002,2026-02-17,8,0,,PRJ007
ATT0067,EMP002,2026-02-18,8,0,,PRJ007
ATT0068,EMP002,2026-02-19,8,0,,PRJ007
ATT0069,EMP002,2026-02-23,8,0,,PRJ007
ATT0070,EMP002,2026-02-24,8,0,,PRJ007
ATT0071,EMP002,2026-02-25,8,0,,PRJ007
ATT0072,EMP002,2026-02-26,8,0,,PRJ007
ATT0073,EMP002,2026-03-02,8,0,,PRJ007
ATT0074,EMP002,2026-03-03,8,0,,PRJ007
ATT0075,EMP002,2026-03-04,8,0,,PRJ007
ATT0076,EMP002,2026-03-05,8,0,,PRJ007
ATT0077,EMP002,2026-03-09,8,0,,PRJ007
ATT0078,EMP002,2026-03-10,8,0,,PRJ007
ATT0079,EMP002,2026-03-11,8,0,,PRJ007
ATT0080,EMP002,2026-03-12,8,0,,PRJ007
ATT0081,EMP003,2026-01-05,8,0,,PRJ013
ATT0082,EMP003,2026-01-06,8,0,,PRJ013
ATT0083,EMP003,2026-01-07,8,0,,PRJ013
ATT0084,EMP003,2026-01-08,8,0,,PRJ013
ATT0085,EMP003,2026-01-12,8,0,,PRJ013
ATT0086,EMP003,2026-01-13,8,0,,PRJ013
ATT0087,EMP003,2026-01-14,8,0,,PRJ013
ATT0088,EMP003,2026-01-15,0,0,Sick Leave,PRJ013
ATT0089,EMP003,2026-01-19,8,0,,PRJ013
ATT0090,EMP003,2026-01-20,8,0,,PRJ013
ATT0091,EMP003,2026-01-21,8,0,,PRJ013
ATT0092,EMP003,2026-01-22,8,0,,PRJ013
ATT0093,EMP003,2026-01-26,8,0,,PRJ013
ATT0094,EMP003,2026-01-27,8,0,,PRJ013
ATT0095,EMP003,2026-01-28,8,0,,PRJ013
ATT0096,EMP003,2026-01-29,8,0,,PRJ013
ATT0097,EMP003,2026-02-02,8,0,,PRJ013
ATT0098,EMP003,2026-02-03,8,0,,PRJ013
ATT0099,EMP003,2026-02-04,8,0,,PRJ013
ATT0100,EMP003,2026-02-05,8,0,,PRJ013
ATT0101,EMP003,2026-02-09,8,0,,PRJ013
ATT0102,EMP003,2026-02-10,8,0,,PRJ013
ATT0103,EMP003,2026-02-11,8,0,,PRJ013
ATT0104,EMP003,2026-02-12,8,0,,PRJ013
ATT0105,EMP003,2026-02-16,8,0,,PRJ013
ATT0106,EMP003,2026-02-17,8,0,,PRJ013
ATT0107,EMP003,2026-02-18,8,0,,PRJ013
ATT0108,EMP003,2026-02-19,8,0,,PRJ013
ATT0109,EMP003,2026-02-23,8,0,,PRJ013
ATT0110,EMP003,2026-02-24,8,0,,PRJ013
ATT0111,EMP003,2026-02-25,8,0,,PRJ013
ATT0112,EMP003,2026-02-26,8,0,,PRJ013
ATT0113,EMP003,2026-03-02,8,0,,PRJ013
ATT0114,EMP003,2026-03-03,8,0,,PRJ013
ATT0115,EMP003,2026-03-04,8,0,,PRJ013
ATT0116,EMP003,2026-03-05,8,0,,PRJ013
ATT0117,EMP003,2026-03-09,8,0,,PRJ013
ATT0118,EMP003,2026-03-10,8,0,,PRJ013
ATT0119,EMP003,2026-03-11,8,0,,PRJ013
ATT0120,EMP003,2026-03-12,8,0,,PRJ013
ATT0121,EMP004,2026-01-05,9,1,,PRJ005
ATT0122,EMP004,2026-01-06,9,1,,PRJ005
ATT0123,EMP004,2026-01-07,10,2,,PRJ005
ATT0124,EMP004,2026-01-08,9,1,,PRJ005
ATT0125,EMP004,2026-01-12,9,1,,PRJ005
ATT0126,EMP004,2026-01-13,10,2,,PRJ005
ATT0127,EMP004,2026-01-14,9,1,,PRJ005
ATT0128,EMP004,2026-01-15,9,1,,PRJ005
ATT0129,EMP004,2026-01-19,9,1,,PRJ005
ATT0130,EMP004,2026-01-20,10,2,,PRJ005
ATT0131,EMP004,2026-01-21,9,1,,PRJ005
ATT0132,EMP004,2026-01-22,9,1,,PRJ005
ATT0133,EMP004,2026-01-26,0,0,Annual Leave,PRJ005
ATT0134,EMP004,2026-01-27,0,0,Annual Leave,PRJ005
ATT0135,EMP004,2026-01-28,9,1,,PRJ005
ATT0136,EMP004,2026-01-29,9,1,,PRJ005
ATT0137,EMP004,2026-02-02,9,1,,PRJ005
ATT0138,EMP004,2026-02-03,10,2,,PRJ005
ATT0139,EMP004,2026-02-04,9,1,,PRJ005
ATT0140,EMP004,2026-02-05,9,1,,PRJ005
ATT0141,EMP004,2026-02-09,9,1,,PRJ005
ATT0142,EMP004,2026-02-10,10,2,,PRJ005
ATT0143,EMP004,2026-02-11,9,1,,PRJ005
ATT0144,EMP004,2026-02-12,9,1,,PRJ005
ATT0145,EMP004,2026-02-16,9,1,,PRJ005
ATT0146,EMP004,2026-02-17,9,1,,PRJ005
ATT0147,EMP004,2026-02-18,10,2,,PRJ005
ATT0148,EMP004,2026-02-19,9,1,,PRJ005
ATT0149,EMP004,2026-02-23,9,1,,PRJ005
ATT0150,EMP004,2026-02-24,9,1,,PRJ005
ATT0151,EMP004,2026-02-25,9,1,,PRJ005
ATT0152,EMP004,2026-02-26,10,2,,PRJ005
ATT0153,EMP004,2026-03-02,9,1,,PRJ005
ATT0154,EMP004,2026-03-03,9,1,,PRJ005
ATT0155,EMP004,2026-03-04,10,2,,PRJ005
ATT0156,EMP004,2026-03-05,9,1,,PRJ005
ATT0157,EMP004,2026-03-09,9,1,,PRJ005
ATT0158,EMP004,2026-03-10,9,1,,PRJ005
ATT0159,EMP004,2026-03-11,9,1,,PRJ005
ATT0160,EMP004,2026-03-12,10,2,,PRJ005
ATT0161,EMP005,2026-01-05,8,0,,PRJ007
ATT0162,EMP005,2026-01-06,8,0,,PRJ007
ATT0163,EMP005,2026-01-07,8,0,,PRJ007
ATT0164,EMP005,2026-01-08,8,0,,PRJ007
ATT0165,EMP005,2026-01-12,8,0,,PRJ007
ATT0166,EMP005,2026-01-13,8,0,,PRJ007
ATT0167,EMP005,2026-01-14,8,0,,PRJ007
ATT0168,EMP005,2026-01-15,8,0,,PRJ007
ATT0169,EMP005,2026-01-19,8,0,,PRJ007
ATT0170,EMP005,2026-01-20,8,0,,PRJ007
ATT0171,EMP005,2026-01-21,0,0,Sick Leave,PRJ007
ATT0172,EMP005,2026-01-22,8,0,,PRJ007
ATT0173,EMP005,2026-01-26,8,0,,PRJ007
ATT0174,EMP005,2026-01-27,8,0,,PRJ007
ATT0175,EMP005,2026-01-28,8,0,,PRJ007
ATT0176,EMP005,2026-01-29,8,0,,PRJ007
ATT0177,EMP005,2026-02-02,8,0,,PRJ007
ATT0178,EMP005,2026-02-03,8,0,,PRJ007
ATT0179,EMP005,2026-02-04,8,0,,PRJ007
ATT0180,EMP005,2026-02-05,8,0,,PRJ007
ATT0181,EMP005,2026-02-09,8,0,,PRJ007
ATT0182,EMP005,2026-02-10,8,0,,PRJ007
ATT0183,EMP005,2026-02-11,8,0,,PRJ007
ATT0184,EMP005,2026-02-12,8,0,,PRJ007
ATT0185,EMP005,2026-02-16,8,0,,PRJ007
ATT0186,EMP005,2026-02-17,8,0,,PRJ007
ATT0187,EMP005,2026-02-18,8,0,,PRJ007
ATT0188,EMP005,2026-02-19,8,0,,PRJ007
ATT0189,EMP005,2026-02-23,8,0,,PRJ007
ATT0190,EMP005,2026-02-24,8,0,,PRJ007
ATT0191,EMP005,2026-02-25,8,0,,PRJ007
ATT0192,EMP005,2026-02-26,8,0,,PRJ007
ATT0193,EMP005,2026-03-02,8,0,,PRJ007
ATT0194,EMP005,2026-03-03,8,0,,PRJ007
ATT0195,EMP005,2026-03-04,8,0,,PRJ007
ATT0196,EMP005,2026-03-05,8,0,,PRJ007
ATT0197,EMP005,2026-03-09,8,0,,PRJ007
ATT0198,EMP005,2026-03-10,8,0,,PRJ007
ATT0199,EMP005,2026-03-11,8,0,,PRJ007
ATT0200,EMP005,2026-03-12,8,0,,PRJ007
ATT0201,EMP006,2026-01-05,9,1,,PRJ009
ATT0202,EMP006,2026-01-06,10,2,,PRJ009
ATT0203,EMP006,2026-01-07,9,1,,PRJ009
ATT0204,EMP006,2026-01-08,9,1,,PRJ009
ATT0205,EMP006,2026-01-12,9,1,,PRJ009
ATT0206,EMP006,2026-01-13,10,2,,PRJ009
ATT0207,EMP006,2026-01-14,9,1,,PRJ009
ATT0208,EMP006,2026-01-15,9,1,,PRJ009
ATT0209,EMP006,2026-01-19,0,0,Annual Leave,PRJ009
ATT0210,EMP006,2026-01-20,9,1,,PRJ009
ATT0211,EMP006,2026-01-21,9,1,,PRJ009
ATT0212,EMP006,2026-01-22,10,2,,PRJ009
ATT0213,EMP006,2026-01-26,9,1,,PRJ009
ATT0214,EMP006,2026-01-27,9,1,,PRJ009
ATT0215,EMP006,2026-01-28,9,1,,PRJ009
ATT0216,EMP006,2026-01-29,10,2,,PRJ009
ATT0217,EMP006,2026-02-02,9,1,,PRJ009
ATT0218,EMP006,2026-02-03,9,1,,PRJ009
ATT0219,EMP006,2026-02-04,10,2,,PRJ009
ATT0220,EMP006,2026-02-05,9,1,,PRJ009
ATT0221,EMP006,2026-02-09,9,1,,PRJ009
ATT0222,EMP006,2026-02-10,9,1,,PRJ009
ATT0223,EMP006,2026-02-11,10,2,,PRJ009
ATT0224,EMP006,2026-02-12,9,1,,PRJ009
ATT0225,EMP006,2026-02-16,9,1,,PRJ009
ATT0226,EMP006,2026-02-17,9,1,,PRJ009
ATT0227,EMP006,2026-02-18,9,1,,PRJ009
ATT0228,EMP006,2026-02-19,10,2,,PRJ009
ATT0229,EMP006,2026-02-23,9,1,,PRJ009
ATT0230,EMP006,2026-02-24,9,1,,PRJ009
ATT0231,EMP006,2026-02-25,9,1,,PRJ009
ATT0232,EMP006,2026-02-26,10,2,,PRJ009
ATT0233,EMP006,2026-03-02,9,1,,PRJ009
ATT0234,EMP006,2026-03-03,9,1,,PRJ009
ATT0235,EMP006,2026-03-04,10,2,,PRJ009
ATT0236,EMP006,2026-03-05,9,1,,PRJ009
ATT0237,EMP006,2026-03-09,9,1,,PRJ009
ATT0238,EMP006,2026-03-10,9,1,,PRJ009
ATT0239,EMP006,2026-03-11,0,0,Sick Leave,PRJ009
ATT0240,EMP006,2026-03-12,9,1,,PRJ009
ATT0241,EMP007,2026-01-05,10,2,,PRJ009
ATT0242,EMP007,2026-01-06,10,2,,PRJ009
ATT0243,EMP007,2026-01-07,9,1,,PRJ009
ATT0244,EMP007,2026-01-08,10,2,,PRJ009
ATT0245,EMP007,2026-01-12,9,1,,PRJ009
ATT0246,EMP007,2026-01-13,10,2,,PRJ009
ATT0247,EMP007,2026-01-14,9,1,,PRJ009
ATT0248,EMP007,2026-01-15,10,2,,PRJ009
ATT0249,EMP007,2026-01-19,9,1,,PRJ009
ATT0250,EMP007,2026-01-20,10,2,,PRJ009
ATT0251,EMP007,2026-01-21,9,1,,PRJ009
ATT0252,EMP007,2026-01-22,10,2,,PRJ009
ATT0253,EMP007,2026-01-26,9,1,,PRJ009
ATT0254,EMP007,2026-01-27,10,2,,PRJ009
ATT0255,EMP007,2026-01-28,9,1,,PRJ009
ATT0256,EMP007,2026-01-29,10,2,,PRJ009
ATT0257,EMP007,2026-02-02,9,1,,PRJ009
ATT0258,EMP007,2026-02-03,10,2,,PRJ009
ATT0259,EMP007,2026-02-04,9,1,,PRJ009
ATT0260,EMP007,2026-02-05,10,2,,PRJ009
ATT0261,EMP007,2026-02-09,0,0,Annual Leave,PRJ009
ATT0262,EMP007,2026-02-10,0,0,Annual Leave,PRJ009
ATT0263,EMP007,2026-02-11,9,1,,PRJ009
ATT0264,EMP007,2026-02-12,10,2,,PRJ009
ATT0265,EMP007,2026-02-16,9,1,,PRJ009
ATT0266,EMP007,2026-02-17,10,2,,PRJ009
ATT0267,EMP007,2026-02-18,9,1,,PRJ009
ATT0268,EMP007,2026-02-19,10,2,,PRJ009
ATT0269,EMP007,2026-02-23,9,1,,PRJ009
ATT0270,EMP007,2026-02-24,10,2,,PRJ009
ATT0271,EMP007,2026-02-25,9,1,,PRJ009
ATT0272,EMP007,2026-02-26,10,2,,PRJ009
ATT0273,EMP007,2026-03-02,9,1,,PRJ009
ATT0274,EMP007,2026-03-03,10,2,,PRJ009
ATT0275,EMP007,2026-03-04,9,1,,PRJ009
ATT0276,EMP007,2026-03-05,10,2,,PRJ009
ATT0277,EMP007,2026-03-09,9,1,,PRJ009
ATT0278,EMP007,2026-03-10,10,2,,PRJ009
ATT0279,EMP007,2026-03-11,9,1,,PRJ009
ATT0280,EMP007,2026-03-12,10,2,,PRJ009
ATT0281,EMP008,2026-01-05,8,0,,PRJ013
ATT0282,EMP008,2026-01-06,8,0,,PRJ013
ATT0283,EMP008,2026-01-07,8,0,,PRJ013
ATT0284,EMP008,2026-01-08,8,0,,PRJ013
ATT0285,EMP008,2026-01-12,8,0,,PRJ013
ATT0286,EMP008,2026-01-13,8,0,,PRJ013
ATT0287,EMP008,2026-01-14,8,0,,PRJ013
ATT0288,EMP008,2026-01-15,8,0,,PRJ013
ATT0289,EMP008,2026-01-19,8,0,,PRJ013
ATT0290,EMP008,2026-01-20,8,0,,PRJ013
ATT0291,EMP008,2026-01-21,8,0,,PRJ013
ATT0292,EMP008,2026-01-22,0,0,Sick Leave,PRJ013
ATT0293,EMP008,2026-01-26,8,0,,PRJ013
ATT0294,EMP008,2026-01-27,8,0,,PRJ013
ATT0295,EMP008,2026-01-28,8,0,,PRJ013
ATT0296,EMP008,2026-01-29,8,0,,PRJ013
ATT0297,EMP008,2026-02-02,8,0,,PRJ013
ATT0298,EMP008,2026-02-03,8,0,,PRJ013
ATT0299,EMP008,2026-02-04,8,0,,PRJ013
ATT0300,EMP008,2026-02-05,8,0,,PRJ013
ATT0301,EMP008,2026-02-09,8,0,,PRJ013
ATT0302,EMP008,2026-02-10,8,0,,PRJ013
ATT0303,EMP008,2026-02-11,8,0,,PRJ013
ATT0304,EMP008,2026-02-12,8,0,,PRJ013
ATT0305,EMP008,2026-02-16,0,0,Annual Leave,PRJ013
ATT0306,EMP008,2026-02-17,0,0,Annual Leave,PRJ013
ATT0307,EMP008,2026-02-18,0,0,Annual Leave,PRJ013
ATT0308,EMP008,2026-02-19,8,0,,PRJ013
ATT0309,EMP008,2026-02-23,8,0,,PRJ013
ATT0310,EMP008,2026-02-24,8,0,,PRJ013
ATT0311,EMP008,2026-02-25,8,0,,PRJ013
ATT0312,EMP008,2026-02-26,8,0,,PRJ013
ATT0313,EMP008,2026-03-02,8,0,,PRJ013
ATT0314,EMP008,2026-03-03,8,0,,PRJ013
ATT0315,EMP008,2026-03-04,8,0,,PRJ013
ATT0316,EMP008,2026-03-05,8,0,,PRJ013
ATT0317,EMP008,2026-03-09,8,0,,PRJ013
ATT0318,EMP008,2026-03-10,8,0,,PRJ013
ATT0319,EMP008,2026-03-11,8,0,,PRJ013
ATT0320,EMP008,2026-03-12,8,0,,PRJ013
ATT0321,EMP009,2026-01-05,8,0,,PRJ011
ATT0322,EMP009,2026-01-06,8,0,,PRJ011
ATT0323,EMP009,2026-01-07,8,0,,PRJ011
ATT0324,EMP009,2026-01-08,8,0,,PRJ011
ATT0325,EMP009,2026-01-12,8,0,,PRJ011
ATT0326,EMP009,2026-01-13,8,0,,PRJ011
ATT0327,EMP009,2026-01-14,8,0,,PRJ011
ATT0328,EMP009,2026-01-15,8,0,,PRJ011
ATT0329,EMP009,2026-01-19,8,0,,PRJ011
ATT0330,EMP009,2026-01-20,8,0,,PRJ011
ATT0331,EMP009,2026-01-21,8,0,,PRJ011
ATT0332,EMP009,2026-01-22,8,0,,PRJ011
ATT0333,EMP009,2026-01-26,8,0,,PRJ011
ATT0334,EMP009,2026-01-27,0,0,Annual Leave,PRJ011
ATT0335,EMP009,2026-01-28,8,0,,PRJ011
ATT0336,EMP009,2026-01-29,8,0,,PRJ011
ATT0337,EMP009,2026-02-02,8,0,,PRJ011
ATT0338,EMP009,2026-02-03,8,0,,PRJ011
ATT0339,EMP009,2026-02-04,8,0,,PRJ011
ATT0340,EMP009,2026-02-05,8,0,,PRJ011
ATT0341,EMP009,2026-02-09,8,0,,PRJ011
ATT0342,EMP009,2026-02-10,8,0,,PRJ011
ATT0343,EMP009,2026-02-11,8,0,,PRJ011
ATT0344,EMP009,2026-02-12,8,0,,PRJ011
ATT0345,EMP009,2026-02-16,8,0,,PRJ011
ATT0346,EMP009,2026-02-17,8,0,,PRJ011
ATT0347,EMP009,2026-02-18,8,0,,PRJ011
ATT0348,EMP009,2026-02-19,8,0,,PRJ011
ATT0349,EMP009,2026-02-23,8,0,,PRJ011
ATT0350,EMP009,2026-02-24,8,0,,PRJ011
ATT0351,EMP009,2026-02-25,8,0,,PRJ011
ATT0352,EMP009,2026-02-26,8,0,,PRJ011
ATT0353,EMP009,2026-03-02,8,0,,PRJ011
ATT0354,EMP009,2026-03-03,8,0,,PRJ011
ATT0355,EMP009,2026-03-04,0,0,Sick Leave,PRJ011
ATT0356,EMP009,2026-03-05,8,0,,PRJ011
ATT0357,EMP009,2026-03-09,8,0,,PRJ011
ATT0358,EMP009,2026-03-10,8,0,,PRJ011
ATT0359,EMP009,2026-03-11,8,0,,PRJ011
ATT0360,EMP009,2026-03-12,8,0,,PRJ011
ATT0361,EMP010,2026-01-05,9,1,,PRJ007
ATT0362,EMP010,2026-01-06,9,1,,PRJ007
ATT0363,EMP010,2026-01-07,10,2,,PRJ007
ATT0364,EMP010,2026-01-08,9,1,,PRJ007
ATT0365,EMP010,2026-01-12,9,1,,PRJ007
ATT0366,EMP010,2026-01-13,10,2,,PRJ007
ATT0367,EMP010,2026-01-14,9,1,,PRJ007
ATT0368,EMP010,2026-01-15,9,1,,PRJ007
ATT0369,EMP010,2026-01-19,9,1,,PRJ007
ATT0370,EMP010,2026-01-20,9,1,,PRJ007
ATT0371,EMP010,2026-01-21,10,2,,PRJ007
ATT0372,EMP010,2026-01-22,9,1,,PRJ007
ATT0373,EMP010,2026-01-26,9,1,,PRJ007
ATT0374,EMP010,2026-01-27,10,2,,PRJ007
ATT0375,EMP010,2026-01-28,9,1,,PRJ007
ATT0376,EMP010,2026-01-29,9,1,,PRJ007
ATT0377,EMP010,2026-02-02,9,1,,PRJ007
ATT0378,EMP010,2026-02-03,10,2,,PRJ007
ATT0379,EMP010,2026-02-04,9,1,,PRJ007
ATT0380,EMP010,2026-02-05,9,1,,PRJ007
ATT0381,EMP010,2026-02-09,0,0,Annual Leave,PRJ007
ATT0382,EMP010,2026-02-10,0,0,Annual Leave,PRJ007
ATT0383,EMP010,2026-02-11,9,1,,PRJ007
ATT0384,EMP010,2026-02-12,10,2,,PRJ007
ATT0385,EMP010,2026-02-16,9,1,,PRJ007
ATT0386,EMP010,2026-02-17,9,1,,PRJ007
ATT0387,EMP010,2026-02-18,10,2,,PRJ007
ATT0388,EMP010,2026-02-19,9,1,,PRJ007
ATT0389,EMP010,2026-02-23,9,1,,PRJ007
ATT0390,EMP010,2026-02-24,10,2,,PRJ007
ATT0391,EMP010,2026-02-25,9,1,,PRJ007
ATT0392,EMP010,2026-02-26,9,1,,PRJ007
ATT0393,EMP010,2026-03-02,9,1,,PRJ007
ATT0394,EMP010,2026-03-03,10,2,,PRJ007
ATT0395,EMP010,2026-03-04,9,1,,PRJ007
ATT0396,EMP010,2026-03-05,9,1,,PRJ007
ATT0397,EMP010,2026-03-09,9,1,,PRJ007
ATT0398,EMP010,2026-03-10,10,2,,PRJ007
ATT0399,EMP010,2026-03-11,9,1,,PRJ007
ATT0400,EMP010,2026-03-12,9,1,,PRJ007
ATT0401,EMP011,2026-01-05,9,1,,PRJ009
ATT0402,EMP011,2026-01-06,10,2,,PRJ009
ATT0403,EMP011,2026-01-07,9,1,,PRJ009
ATT0404,EMP011,2026-01-08,9,1,,PRJ009
ATT0405,EMP011,2026-01-12,10,2,,PRJ009
ATT0406,EMP011,2026-01-13,9,1,,PRJ009
ATT0407,EMP011,2026-01-14,9,1,,PRJ009
ATT0408,EMP011,2026-01-15,10,2,,PRJ009
ATT0409,EMP011,2026-01-19,9,1,,PRJ009
ATT0410,EMP011,2026-01-20,9,1,,PRJ009
ATT0411,EMP011,2026-01-21,10,2,,PRJ009
ATT0412,EMP011,2026-01-22,9,1,,PRJ009
ATT0413,EMP011,2026-01-26,0,0,Annual Leave,PRJ009
ATT0414,EMP011,2026-01-27,9,1,,PRJ009
ATT0415,EMP011,2026-01-28,10,2,,PRJ009
ATT0416,EMP011,2026-01-29,9,1,,PRJ009
ATT0417,EMP011,2026-02-02,9,1,,PRJ009
ATT0418,EMP011,2026-02-03,10,2,,PRJ009
ATT0419,EMP011,2026-02-04,9,1,,PRJ009
ATT0420,EMP011,2026-02-05,9,1,,PRJ009
ATT0421,EMP011,2026-02-09,10,2,,PRJ009
ATT0422,EMP011,2026-02-10,9,1,,PRJ009
ATT0423,EMP011,2026-02-11,9,1,,PRJ009
ATT0424,EMP011,2026-02-12,10,2,,PRJ009
ATT0425,EMP011,2026-02-16,9,1,,PRJ009
ATT0426,EMP011,2026-02-17,9,1,,PRJ009
ATT0427,EMP011,2026-02-18,10,2,,PRJ009
ATT0428,EMP011,2026-02-19,9,1,,PRJ009
ATT0429,EMP011,2026-02-23,9,1,,PRJ009
ATT0430,EMP011,2026-02-24,10,2,,PRJ009
ATT0431,EMP011,2026-02-25,9,1,,PRJ009
ATT0432,EMP011,2026-02-26,9,1,,PRJ009
ATT0433,EMP011,2026-03-02,10,2,,PRJ009
ATT0434,EMP011,2026-03-03,9,1,,PRJ009
ATT0435,EMP011,2026-03-04,9,1,,PRJ009
ATT0436,EMP011,2026-03-05,10,2,,PRJ009
ATT0437,EMP011,2026-03-09,9,1,,PRJ009
ATT0438,EMP011,2026-03-10,9,1,,PRJ009
ATT0439,EMP011,2026-03-11,10,2,,PRJ009
ATT0440,EMP011,2026-03-12,9,1,,PRJ009
ATT0441,EMP012,2026-01-05,8,0,,PRJ011
ATT0442,EMP012,2026-01-06,8,0,,PRJ011
ATT0443,EMP012,2026-01-07,8,0,,PRJ011
ATT0444,EMP012,2026-01-08,8,0,,PRJ011
ATT0445,EMP012,2026-01-12,8,0,,PRJ011
ATT0446,EMP012,2026-01-13,0,0,Sick Leave,PRJ011
ATT0447,EMP012,2026-01-14,8,0,,PRJ011
ATT0448,EMP012,2026-01-15,8,0,,PRJ011
ATT0449,EMP012,2026-01-19,8,0,,PRJ011
ATT0450,EMP012,2026-01-20,8,0,,PRJ011
ATT0451,EMP012,2026-01-21,8,0,,PRJ011
ATT0452,EMP012,2026-01-22,8,0,,PRJ011
ATT0453,EMP012,2026-01-26,8,0,,PRJ011
ATT0454,EMP012,2026-01-27,8,0,,PRJ011
ATT0455,EMP012,2026-01-28,8,0,,PRJ011
ATT0456,EMP012,2026-01-29,8,0,,PRJ011
ATT0457,EMP012,2026-02-02,8,0,,PRJ011
ATT0458,EMP012,2026-02-03,8,0,,PRJ011
ATT0459,EMP012,2026-02-04,8,0,,PRJ011
ATT0460,EMP012,2026-02-05,8,0,,PRJ011
ATT0461,EMP012,2026-02-09,8,0,,PRJ011
ATT0462,EMP012,2026-02-10,8,0,,PRJ011
ATT0463,EMP012,2026-02-11,8,0,,PRJ011
ATT0464,EMP012,2026-02-12,8,0,,PRJ011
ATT0465,EMP012,2026-02-16,0,0,Annual Leave,PRJ011
ATT0466,EMP012,2026-02-17,0,0,Annual Leave,PRJ011
ATT0467,EMP012,2026-02-18,8,0,,PRJ011
ATT0468,EMP012,2026-02-19,8,0,,PRJ011
ATT0469,EMP012,2026-02-23,8,0,,PRJ011
ATT0470,EMP012,2026-02-24,8,0,,PRJ011
ATT0471,EMP012,2026-02-25,8,0,,PRJ011
ATT0472,EMP012,2026-02-26,8,0,,PRJ011
ATT0473,EMP012,2026-03-02,8,0,,PRJ011
ATT0474,EMP012,2026-03-03,8,0,,PRJ011
ATT0475,EMP012,2026-03-04,8,0,,PRJ011
ATT0476,EMP012,2026-03-05,8,0,,PRJ011
ATT0477,EMP012,2026-03-09,8,0,,PRJ011
ATT0478,EMP012,2026-03-10,8,0,,PRJ011
ATT0479,EMP012,2026-03-11,8,0,,PRJ011
ATT0480,EMP012,2026-03-12,8,0,,PRJ011
ATT0481,EMP013,2026-01-05,9,1,,PRJ007
ATT0482,EMP013,2026-01-06,8,0,,PRJ007
ATT0483,EMP013,2026-01-07,9,1,,PRJ007
ATT0484,EMP013,2026-01-08,8,0,,PRJ007
ATT0485,EMP013,2026-01-12,9,1,,PRJ007
ATT0486,EMP013,2026-01-13,8,0,,PRJ007
ATT0487,EMP013,2026-01-14,9,1,,PRJ007
ATT0488,EMP013,2026-01-15,8,0,,PRJ007
ATT0489,EMP013,2026-01-19,9,1,,PRJ007
ATT0490,EMP013,2026-01-20,8,0,,PRJ007
ATT0491,EMP013,2026-01-21,9,1,,PRJ007
ATT0492,EMP013,2026-01-22,0,0,Annual Leave,PRJ007
ATT0493,EMP013,2026-01-26,9,1,,PRJ007
ATT0494,EMP013,2026-01-27,8,0,,PRJ007
ATT0495,EMP013,2026-01-28,9,1,,PRJ007
ATT0496,EMP013,2026-01-29,8,0,,PRJ007
ATT0497,EMP013,2026-02-02,9,1,,PRJ007
ATT0498,EMP013,2026-02-03,8,0,,PRJ007
ATT0499,EMP013,2026-02-04,9,1,,PRJ007
ATT0500,EMP013,2026-02-05,8,0,,PRJ007
ATT0501,EMP013,2026-02-09,9,1,,PRJ007
ATT0502,EMP013,2026-02-10,8,0,,PRJ007
ATT0503,EMP013,2026-02-11,9,1,,PRJ007
ATT0504,EMP013,2026-02-12,8,0,,PRJ007
ATT0505,EMP013,2026-02-16,9,1,,PRJ007
ATT0506,EMP013,2026-02-17,8,0,,PRJ007
ATT0507,EMP013,2026-02-18,9,1,,PRJ007
ATT0508,EMP013,2026-02-19,8,0,,PRJ007
ATT0509,EMP013,2026-02-23,9,1,,PRJ007
ATT0510,EMP013,2026-02-24,8,0,,PRJ007
ATT0511,EMP013,2026-02-25,9,1,,PRJ007
ATT0512,EMP013,2026-02-26,8,0,,PRJ007
ATT0513,EMP013,2026-03-02,9,1,,PRJ007
ATT0514,EMP013,2026-03-03,8,0,,PRJ007
ATT0515,EMP013,2026-03-04,9,1,,PRJ007
ATT0516,EMP013,2026-03-05,8,0,,PRJ007
ATT0517,EMP013,2026-03-09,9,1,,PRJ007
ATT0518,EMP013,2026-03-10,0,0,Sick Leave,PRJ007
ATT0519,EMP013,2026-03-11,9,1,,PRJ007
ATT0520,EMP013,2026-03-12,8,0,,PRJ007
ATT0521,EMP014,2026-01-05,8,0,,PRJ013
ATT0522,EMP014,2026-01-06,8,0,,PRJ013
ATT0523,EMP014,2026-01-07,8,0,,PRJ013
ATT0524,EMP014,2026-01-08,8,0,,PRJ013
ATT0525,EMP014,2026-01-12,8,0,,PRJ013
ATT0526,EMP014,2026-01-13,8,0,,PRJ013
ATT0527,EMP014,2026-01-14,8,0,,PRJ013
ATT0528,EMP014,2026-01-15,8,0,,PRJ013
ATT0529,EMP014,2026-01-19,8,0,,PRJ013
ATT0530,EMP014,2026-01-20,8,0,,PRJ013
ATT0531,EMP014,2026-01-21,0,0,Annual Leave,PRJ013
ATT0532,EMP014,2026-01-22,0,0,Annual Leave,PRJ013
ATT0533,EMP014,2026-01-26,8,0,,PRJ013
ATT0534,EMP014,2026-01-27,8,0,,PRJ013
ATT0535,EMP014,2026-01-28,8,0,,PRJ013
ATT0536,EMP014,2026-01-29,8,0,,PRJ013
ATT0537,EMP014,2026-02-02,8,0,,PRJ013
ATT0538,EMP014,2026-02-03,8,0,,PRJ013
ATT0539,EMP014,2026-02-04,8,0,,PRJ013
ATT0540,EMP014,2026-02-05,8,0,,PRJ013
ATT0541,EMP014,2026-02-09,8,0,,PRJ013
ATT0542,EMP014,2026-02-10,8,0,,PRJ013
ATT0543,EMP014,2026-02-11,8,0,,PRJ013
ATT0544,EMP014,2026-02-12,8,0,,PRJ013
ATT0545,EMP014,2026-02-16,8,0,,PRJ013
ATT0546,EMP014,2026-02-17,8,0,,PRJ013
ATT0547,EMP014,2026-02-18,8,0,,PRJ013
ATT0548,EMP014,2026-02-19,8,0,,PRJ013
ATT0549,EMP014,2026-02-23,8,0,,PRJ013
ATT0550,EMP014,2026-02-24,8,0,,PRJ013
ATT0551,EMP014,2026-02-25,8,0,,PRJ013
ATT0552,EMP014,2026-02-26,8,0,,PRJ013
ATT0553,EMP014,2026-03-02,8,0,,PRJ013
ATT0554,EMP014,2026-03-03,8,0,,PRJ013
ATT0555,EMP014,2026-03-04,8,0,,PRJ013
ATT0556,EMP014,2026-03-05,8,0,,PRJ013
ATT0557,EMP014,2026-03-09,8,0,,PRJ013
ATT0558,EMP014,2026-03-10,8,0,,PRJ013
ATT0559,EMP014,2026-03-11,0,0,Sick Leave,PRJ013
ATT0560,EMP014,2026-03-12,8,0,,PRJ013
ATT0561,EMP015,2026-01-05,8,0,,PRJ007
ATT0562,EMP015,2026-01-06,8,0,,PRJ007
ATT0563,EMP015,2026-01-07,8,0,,PRJ007
ATT0564,EMP015,2026-01-08,8,0,,PRJ007
ATT0565,EMP015,2026-01-12,8,0,,PRJ007
ATT0566,EMP015,2026-01-13,8,0,,PRJ007
ATT0567,EMP015,2026-01-14,8,0,,PRJ007
ATT0568,EMP015,2026-01-15,8,0,,PRJ007
ATT0569,EMP015,2026-01-19,8,0,,PRJ007
ATT0570,EMP015,2026-01-20,8,0,,PRJ007
ATT0571,EMP015,2026-01-21,8,0,,PRJ007
ATT0572,EMP015,2026-01-22,8,0,,PRJ007
ATT0573,EMP015,2026-01-26,0,0,Annual Leave,PRJ007
ATT0574,EMP015,2026-01-27,0,0,Annual Leave,PRJ007
ATT0575,EMP015,2026-01-28,0,0,Annual Leave,PRJ007
ATT0576,EMP015,2026-01-29,8,0,,PRJ007
ATT0577,EMP015,2026-02-02,8,0,,PRJ007
ATT0578,EMP015,2026-02-03,8,0,,PRJ007
ATT0579,EMP015,2026-02-04,8,0,,PRJ007
ATT0580,EMP015,2026-02-05,8,0,,PRJ007
ATT0581,EMP015,2026-02-09,8,0,,PRJ007
ATT0582,EMP015,2026-02-10,8,0,,PRJ007
ATT0583,EMP015,2026-02-11,8,0,,PRJ007
ATT0584,EMP015,2026-02-12,8,0,,PRJ007
ATT0585,EMP015,2026-02-16,8,0,,PRJ007
ATT0586,EMP015,2026-02-17,8,0,,PRJ007
ATT0587,EMP015,2026-02-18,8,0,,PRJ007
ATT0588,EMP015,2026-02-19,8,0,,PRJ007
ATT0589,EMP015,2026-02-23,8,0,,PRJ007
ATT0590,EMP015,2026-02-24,8,0,,PRJ007
ATT0591,EMP015,2026-02-25,8,0,,PRJ007
ATT0592,EMP015,2026-02-26,8,0,,PRJ007
ATT0593,EMP015,2026-03-02,8,0,,PRJ007
ATT0594,EMP015,2026-03-03,8,0,,PRJ007
ATT0595,EMP015,2026-03-04,8,0,,PRJ007
ATT0596,EMP015,2026-03-05,8,0,,PRJ007
ATT0597,EMP015,2026-03-09,8,0,,PRJ007
ATT0598,EMP015,2026-03-10,8,0,,PRJ007
ATT0599,EMP015,2026-03-11,8,0,,PRJ007
ATT0600,EMP015,2026-03-12,8,0,,PRJ007
ATT0601,EMP016,2026-01-05,9,1,,PRJ011
ATT0602,EMP016,2026-01-06,10,2,,PRJ011
ATT0603,EMP016,2026-01-07,9,1,,PRJ011
ATT0604,EMP016,2026-01-08,9,1,,PRJ011
ATT0605,EMP016,2026-01-12,10,2,,PRJ011
ATT0606,EMP016,2026-01-13,9,1,,PRJ011
ATT0607,EMP016,2026-01-14,9,1,,PRJ011
ATT0608,EMP016,2026-01-15,10,2,,PRJ011
ATT0609,EMP016,2026-01-19,9,1,,PRJ011
ATT0610,EMP016,2026-01-20,9,1,,PRJ011
ATT0611,EMP016,2026-01-21,10,2,,PRJ011
ATT0612,EMP016,2026-01-22,9,1,,PRJ011
ATT0613,EMP016,2026-01-26,9,1,,PRJ011
ATT0614,EMP016,2026-01-27,0,0,Annual Leave,PRJ011
ATT0615,EMP016,2026-01-28,10,2,,PRJ011
ATT0616,EMP016,2026-01-29,9,1,,PRJ011
ATT0617,EMP016,2026-02-02,9,1,,PRJ011
ATT0618,EMP016,2026-02-03,10,2,,PRJ011
ATT0619,EMP016,2026-02-04,9,1,,PRJ011
ATT0620,EMP016,2026-02-05,9,1,,PRJ011
ATT0621,EMP016,2026-02-09,10,2,,PRJ011
ATT0622,EMP016,2026-02-10,9,1,,PRJ011
ATT0623,EMP016,2026-02-11,9,1,,PRJ011
ATT0624,EMP016,2026-02-12,10,2,,PRJ011
ATT0625,EMP016,2026-02-16,9,1,,PRJ011
ATT0626,EMP016,2026-02-17,9,1,,PRJ011
ATT0627,EMP016,2026-02-18,10,2,,PRJ011
ATT0628,EMP016,2026-02-19,9,1,,PRJ011
ATT0629,EMP016,2026-02-23,9,1,,PRJ011
ATT0630,EMP016,2026-02-24,10,2,,PRJ011
ATT0631,EMP016,2026-02-25,9,1,,PRJ011
ATT0632,EMP016,2026-02-26,9,1,,PRJ011
ATT0633,EMP016,2026-03-02,10,2,,PRJ011
ATT0634,EMP016,2026-03-03,9,1,,PRJ011
ATT0635,EMP016,2026-03-04,9,1,,PRJ011
ATT0636,EMP016,2026-03-05,10,2,,PRJ011
ATT0637,EMP016,2026-03-09,9,1,,PRJ011
ATT0638,EMP016,2026-03-10,9,1,,PRJ011
ATT0639,EMP016,2026-03-11,10,2,,PRJ011
ATT0640,EMP016,2026-03-12,9,1,,PRJ011
ATT0641,EMP017,2026-01-05,8,0,,PRJ009
ATT0642,EMP017,2026-01-06,8,0,,PRJ009
ATT0643,EMP017,2026-01-07,8,0,,PRJ009
ATT0644,EMP017,2026-01-08,8,0,,PRJ009
ATT0645,EMP017,2026-01-12,8,0,,PRJ009
ATT0646,EMP017,2026-01-13,8,0,,PRJ009
ATT0647,EMP017,2026-01-14,8,0,,PRJ009
ATT0648,EMP017,2026-01-15,8,0,,PRJ009
ATT0649,EMP017,2026-01-19,0,0,Annual Leave,PRJ009
ATT0650,EMP017,2026-01-20,0,0,Annual Leave,PRJ009
ATT0651,EMP017,2026-01-21,8,0,,PRJ009
ATT0652,EMP017,2026-01-22,8,0,,PRJ009
ATT0653,EMP017,2026-01-26,8,0,,PRJ009
ATT0654,EMP017,2026-01-27,8,0,,PRJ009
ATT0655,EMP017,2026-01-28,8,0,,PRJ009
ATT0656,EMP017,2026-01-29,8,0,,PRJ009
ATT0657,EMP017,2026-02-02,8,0,,PRJ009
ATT0658,EMP017,2026-02-03,8,0,,PRJ009
ATT0659,EMP017,2026-02-04,8,0,,PRJ009
ATT0660,EMP017,2026-02-05,8,0,,PRJ009
ATT0661,EMP017,2026-02-09,8,0,,PRJ009
ATT0662,EMP017,2026-02-10,8,0,,PRJ009
ATT0663,EMP017,2026-02-11,8,0,,PRJ009
ATT0664,EMP017,2026-02-12,8,0,,PRJ009
ATT0665,EMP017,2026-02-16,8,0,,PRJ009
ATT0666,EMP017,2026-02-17,8,0,,PRJ009
ATT0667,EMP017,2026-02-18,8,0,,PRJ009
ATT0668,EMP017,2026-02-19,8,0,,PRJ009
ATT0669,EMP017,2026-02-23,8,0,,PRJ009
ATT0670,EMP017,2026-02-24,8,0,,PRJ009
ATT0671,EMP017,2026-02-25,8,0,,PRJ009
ATT0672,EMP017,2026-02-26,8,0,,PRJ009
ATT0673,EMP017,2026-03-02,8,0,,PRJ009
ATT0674,EMP017,2026-03-03,8,0,,PRJ009
ATT0675,EMP017,2026-03-04,0,0,Sick Leave,PRJ009
ATT0676,EMP017,2026-03-05,8,0,,PRJ009
ATT0677,EMP017,2026-03-09,8,0,,PRJ009
ATT0678,EMP017,2026-03-10,8,0,,PRJ009
ATT0679,EMP017,2026-03-11,8,0,,PRJ009
ATT0680,EMP017,2026-03-12,8,0,,PRJ009
ATT0681,EMP018,2026-01-05,9,1,,PRJ011
ATT0682,EMP018,2026-01-06,9,1,,PRJ011
ATT0683,EMP018,2026-01-07,10,2,,PRJ011
ATT0684,EMP018,2026-01-08,9,1,,PRJ011
ATT0685,EMP018,2026-01-12,9,1,,PRJ011
ATT0686,EMP018,2026-01-13,10,2,,PRJ011
ATT0687,EMP018,2026-01-14,9,1,,PRJ011
ATT0688,EMP018,2026-01-15,9,1,,PRJ011
ATT0689,EMP018,2026-01-19,9,1,,PRJ011
ATT0690,EMP018,2026-01-20,10,2,,PRJ011
ATT0691,EMP018,2026-01-21,9,1,,PRJ011
ATT0692,EMP018,2026-01-22,9,1,,PRJ011
ATT0693,EMP018,2026-01-26,0,0,Annual Leave,PRJ011
ATT0694,EMP018,2026-01-27,0,0,Annual Leave,PRJ011
ATT0695,EMP018,2026-01-28,9,1,,PRJ011
ATT0696,EMP018,2026-01-29,9,1,,PRJ011
ATT0697,EMP018,2026-02-02,10,2,,PRJ011
ATT0698,EMP018,2026-02-03,9,1,,PRJ011
ATT0699,EMP018,2026-02-04,9,1,,PRJ011
ATT0700,EMP018,2026-02-05,10,2,,PRJ011
ATT0701,EMP018,2026-02-09,9,1,,PRJ011
ATT0702,EMP018,2026-02-10,9,1,,PRJ011
ATT0703,EMP018,2026-02-11,10,2,,PRJ011
ATT0704,EMP018,2026-02-12,9,1,,PRJ011
ATT0705,EMP018,2026-02-16,9,1,,PRJ011
ATT0706,EMP018,2026-02-17,10,2,,PRJ011
ATT0707,EMP018,2026-02-18,9,1,,PRJ011
ATT0708,EMP018,2026-02-19,9,1,,PRJ011
ATT0709,EMP018,2026-02-23,10,2,,PRJ011
ATT0710,EMP018,2026-02-24,9,1,,PRJ011
ATT0711,EMP018,2026-02-25,9,1,,PRJ011
ATT0712,EMP018,2026-02-26,10,2,,PRJ011
ATT0713,EMP018,2026-03-02,9,1,,PRJ011
ATT0714,EMP018,2026-03-03,9,1,,PRJ011
ATT0715,EMP018,2026-03-04,10,2,,PRJ011
ATT0716,EMP018,2026-03-05,9,1,,PRJ011
ATT0717,EMP018,2026-03-09,9,1,,PRJ011
ATT0718,EMP018,2026-03-10,10,2,,PRJ011
ATT0719,EMP018,2026-03-11,9,1,,PRJ011
ATT0720,EMP018,2026-03-12,9,1,,PRJ011
ATT0721,EMP019,2026-01-05,8,0,,PRJ009
ATT0722,EMP019,2026-01-06,8,0,,PRJ009
ATT0723,EMP019,2026-01-07,8,0,,PRJ009
ATT0724,EMP019,2026-01-08,8,0,,PRJ009
ATT0725,EMP019,2026-01-12,8,0,,PRJ009
ATT0726,EMP019,2026-01-13,8,0,,PRJ009
ATT0727,EMP019,2026-01-14,8,0,,PRJ009
ATT0728,EMP019,2026-01-15,0,0,Sick Leave,PRJ009
ATT0729,EMP019,2026-01-19,8,0,,PRJ009
ATT0730,EMP019,2026-01-20,8,0,,PRJ009
ATT0731,EMP019,2026-01-21,8,0,,PRJ009
ATT0732,EMP019,2026-01-22,8,0,,PRJ009
ATT0733,EMP019,2026-01-26,8,0,,PRJ009
ATT0734,EMP019,2026-01-27,8,0,,PRJ009
ATT0735,EMP019,2026-01-28,8,0,,PRJ009
ATT0736,EMP019,2026-01-29,8,0,,PRJ009
ATT0737,EMP019,2026-02-02,8,0,,PRJ009
ATT0738,EMP019,2026-02-03,8,0,,PRJ009
ATT0739,EMP019,2026-02-04,8,0,,PRJ009
ATT0740,EMP019,2026-02-05,8,0,,PRJ009
ATT0741,EMP019,2026-02-09,8,0,,PRJ009
ATT0742,EMP019,2026-02-10,8,0,,PRJ009
ATT0743,EMP019,2026-02-11,8,0,,PRJ009
ATT0744,EMP019,2026-02-12,8,0,,PRJ009
ATT0745,EMP019,2026-02-16,0,0,Annual Leave,PRJ009
ATT0746,EMP019,2026-02-17,8,0,,PRJ009
ATT0747,EMP019,2026-02-18,8,0,,PRJ009
ATT0748,EMP019,2026-02-19,8,0,,PRJ009
ATT0749,EMP019,2026-02-23,8,0,,PRJ009
ATT0750,EMP019,2026-02-24,8,0,,PRJ009
ATT0751,EMP019,2026-02-25,8,0,,PRJ009
ATT0752,EMP019,2026-02-26,8,0,,PRJ009
ATT0753,EMP019,2026-03-02,8,0,,PRJ009
ATT0754,EMP019,2026-03-03,8,0,,PRJ009
ATT0755,EMP019,2026-03-04,8,0,,PRJ009
ATT0756,EMP019,2026-03-05,8,0,,PRJ009
ATT0757,EMP019,2026-03-09,8,0,,PRJ009
ATT0758,EMP019,2026-03-10,8,0,,PRJ009
ATT0759,EMP019,2026-03-11,8,0,,PRJ009
ATT0760,EMP019,2026-03-12,8,0,,PRJ009
ATT0761,EMP020,2026-01-05,8,0,,PRJ009
ATT0762,EMP020,2026-01-06,8,0,,PRJ009
ATT0763,EMP020,2026-01-07,8,0,,PRJ009
ATT0764,EMP020,2026-01-08,8,0,,PRJ009
ATT0765,EMP020,2026-01-12,8,0,,PRJ009
ATT0766,EMP020,2026-01-13,8,0,,PRJ009
ATT0767,EMP020,2026-01-14,8,0,,PRJ009
ATT0768,EMP020,2026-01-15,8,0,,PRJ009
ATT0769,EMP020,2026-01-19,8,0,,PRJ009
ATT0770,EMP020,2026-01-20,8,0,,PRJ009
ATT0771,EMP020,2026-01-21,8,0,,PRJ009
ATT0772,EMP020,2026-01-22,8,0,,PRJ009
ATT0773,EMP020,2026-01-26,8,0,,PRJ009
ATT0774,EMP020,2026-01-27,8,0,,PRJ009
ATT0775,EMP020,2026-01-28,0,0,Annual Leave,PRJ009
ATT0776,EMP020,2026-01-29,0,0,Annual Leave,PRJ009
ATT0777,EMP020,2026-02-02,8,0,,PRJ009
ATT0778,EMP020,2026-02-03,8,0,,PRJ009
ATT0779,EMP020,2026-02-04,8,0,,PRJ009
ATT0780,EMP020,2026-02-05,8,0,,PRJ009
ATT0781,EMP020,2026-02-09,8,0,,PRJ009
ATT0782,EMP020,2026-02-10,8,0,,PRJ009
ATT0783,EMP020,2026-02-11,8,0,,PRJ009
ATT0784,EMP020,2026-02-12,8,0,,PRJ009
ATT0785,EMP020,2026-02-16,8,0,,PRJ009
ATT0786,EMP020,2026-02-17,8,0,,PRJ009
ATT0787,EMP020,2026-02-18,8,0,,PRJ009
ATT0788,EMP020,2026-02-19,8,0,,PRJ009
ATT0789,EMP020,2026-02-23,8,0,,PRJ009
ATT0790,EMP020,2026-02-24,8,0,,PRJ009
ATT0791,EMP020,2026-02-25,8,0,,PRJ009
ATT0792,EMP020,2026-02-26,8,0,,PRJ009
ATT0793,EMP020,2026-03-02,8,0,,PRJ009
ATT0794,EMP020,2026-03-03,8,0,,PRJ009
ATT0795,EMP020,2026-03-04,0,0,Sick Leave,PRJ009
ATT0796,EMP020,2026-03-05,8,0,,PRJ009
ATT0797,EMP020,2026-03-09,8,0,,PRJ009
ATT0798,EMP020,2026-03-10,8,0,,PRJ009
ATT0799,EMP020,2026-03-11,8,0,,PRJ009
ATT0800,EMP020,2026-03-12,8,0,,PRJ009
ATT0801,EMP021,2026-01-05,10,2,,PRJ011
ATT0802,EMP021,2026-01-06,9,1,,PRJ011
ATT0803,EMP021,2026-01-07,10,2,,PRJ011
ATT0804,EMP021,2026-01-08,9,1,,PRJ011
ATT0805,EMP021,2026-01-12,10,2,,PRJ011
ATT0806,EMP021,2026-01-13,9,1,,PRJ011
ATT0807,EMP021,2026-01-14,10,2,,PRJ011
ATT0808,EMP021,2026-01-15,9,1,,PRJ011
ATT0809,EMP021,2026-01-19,10,2,,PRJ011
ATT0810,EMP021,2026-01-20,9,1,,PRJ011
ATT0811,EMP021,2026-01-21,10,2,,PRJ011
ATT0812,EMP021,2026-01-22,9,1,,PRJ011
ATT0813,EMP021,2026-01-26,0,0,Annual Leave,PRJ011
ATT0814,EMP021,2026-01-27,0,0,Annual Leave,PRJ011
ATT0815,EMP021,2026-01-28,10,2,,PRJ011
ATT0816,EMP021,2026-01-29,9,1,,PRJ011
ATT0817,EMP021,2026-02-02,10,2,,PRJ011
ATT0818,EMP021,2026-02-03,9,1,,PRJ011
ATT0819,EMP021,2026-02-04,10,2,,PRJ011
ATT0820,EMP021,2026-02-05,9,1,,PRJ011
ATT0821,EMP021,2026-02-09,10,2,,PRJ011
ATT0822,EMP021,2026-02-10,9,1,,PRJ011
ATT0823,EMP021,2026-02-11,10,2,,PRJ011
ATT0824,EMP021,2026-02-12,9,1,,PRJ011
ATT0825,EMP021,2026-02-16,10,2,,PRJ011
ATT0826,EMP021,2026-02-17,9,1,,PRJ011
ATT0827,EMP021,2026-02-18,10,2,,PRJ011
ATT0828,EMP021,2026-02-19,9,1,,PRJ011
ATT0829,EMP021,2026-02-23,10,2,,PRJ011
ATT0830,EMP021,2026-02-24,9,1,,PRJ011
ATT0831,EMP021,2026-02-25,10,2,,PRJ011
ATT0832,EMP021,2026-02-26,9,1,,PRJ011
ATT0833,EMP021,2026-03-02,10,2,,PRJ011
ATT0834,EMP021,2026-03-03,9,1,,PRJ011
ATT0835,EMP021,2026-03-04,10,2,,PRJ011
ATT0836,EMP021,2026-03-05,9,1,,PRJ011
ATT0837,EMP021,2026-03-09,10,2,,PRJ011
ATT0838,EMP021,2026-03-10,9,1,,PRJ011
ATT0839,EMP021,2026-03-11,10,2,,PRJ011
ATT0840,EMP021,2026-03-12,9,1,,PRJ011
ATT0841,EMP022,2026-01-05,8,0,,PRJ007
ATT0842,EMP022,2026-01-06,8,0,,PRJ007
ATT0843,EMP022,2026-01-07,8,0,,PRJ007
ATT0844,EMP022,2026-01-08,8,0,,PRJ007
ATT0845,EMP022,2026-01-12,0,0,Sick Leave,PRJ007
ATT0846,EMP022,2026-01-13,8,0,,PRJ007
ATT0847,EMP022,2026-01-14,8,0,,PRJ007
ATT0848,EMP022,2026-01-15,8,0,,PRJ007
ATT0849,EMP022,2026-01-19,8,0,,PRJ007
ATT0850,EMP022,2026-01-20,8,0,,PRJ007
ATT0851,EMP022,2026-01-21,8,0,,PRJ007
ATT0852,EMP022,2026-01-22,8,0,,PRJ007
ATT0853,EMP022,2026-01-26,8,0,,PRJ007
ATT0854,EMP022,2026-01-27,8,0,,PRJ007
ATT0855,EMP022,2026-01-28,8,0,,PRJ007
ATT0856,EMP022,2026-01-29,8,0,,PRJ007
ATT0857,EMP022,2026-02-02,8,0,,PRJ007
ATT0858,EMP022,2026-02-03,8,0,,PRJ007
ATT0859,EMP022,2026-02-04,8,0,,PRJ007
ATT0860,EMP022,2026-02-05,8,0,,PRJ007
ATT0861,EMP022,2026-02-09,8,0,,PRJ007
ATT0862,EMP022,2026-02-10,8,0,,PRJ007
ATT0863,EMP022,2026-02-11,0,0,Annual Leave,PRJ007
ATT0864,EMP022,2026-02-12,8,0,,PRJ007
ATT0865,EMP022,2026-02-16,8,0,,PRJ007
ATT0866,EMP022,2026-02-17,8,0,,PRJ007
ATT0867,EMP022,2026-02-18,8,0,,PRJ007
ATT0868,EMP022,2026-02-19,8,0,,PRJ007
ATT0869,EMP022,2026-02-23,8,0,,PRJ007
ATT0870,EMP022,2026-02-24,8,0,,PRJ007
ATT0871,EMP022,2026-02-25,8,0,,PRJ007
ATT0872,EMP022,2026-02-26,8,0,,PRJ007
ATT0873,EMP022,2026-03-02,8,0,,PRJ007
ATT0874,EMP022,2026-03-03,8,0,,PRJ007
ATT0875,EMP022,2026-03-04,8,0,,PRJ007
ATT0876,EMP022,2026-03-05,8,0,,PRJ007
ATT0877,EMP022,2026-03-09,8,0,,PRJ007
ATT0878,EMP022,2026-03-10,8,0,,PRJ007
ATT0879,EMP022,2026-03-11,8,0,,PRJ007
ATT0880,EMP022,2026-03-12,8,0,,PRJ007
ATT0881,EMP023,2026-01-05,8,0,,PRJ009
ATT0882,EMP023,2026-01-06,8,0,,PRJ009
ATT0883,EMP023,2026-01-07,8,0,,PRJ009
ATT0884,EMP023,2026-01-08,8,0,,PRJ009
ATT0885,EMP023,2026-01-12,8,0,,PRJ009
ATT0886,EMP023,2026-01-13,8,0,,PRJ009
ATT0887,EMP023,2026-01-14,8,0,,PRJ009
ATT0888,EMP023,2026-01-15,8,0,,PRJ009
ATT0889,EMP023,2026-01-19,8,0,,PRJ009
ATT0890,EMP023,2026-01-20,8,0,,PRJ009
ATT0891,EMP023,2026-01-21,0,0,Annual Leave,PRJ009
ATT0892,EMP023,2026-01-22,0,0,Annual Leave,PRJ009
ATT0893,EMP023,2026-01-26,8,0,,PRJ009
ATT0894,EMP023,2026-01-27,8,0,,PRJ009
ATT0895,EMP023,2026-01-28,8,0,,PRJ009
ATT0896,EMP023,2026-01-29,8,0,,PRJ009
ATT0897,EMP023,2026-02-02,8,0,,PRJ009
ATT0898,EMP023,2026-02-03,8,0,,PRJ009
ATT0899,EMP023,2026-02-04,8,0,,PRJ009
ATT0900,EMP023,2026-02-05,8,0,,PRJ009
ATT0901,EMP023,2026-02-09,8,0,,PRJ009
ATT0902,EMP023,2026-02-10,8,0,,PRJ009
ATT0903,EMP023,2026-02-11,8,0,,PRJ009
ATT0904,EMP023,2026-02-12,8,0,,PRJ009
ATT0905,EMP023,2026-02-16,8,0,,PRJ009
ATT0906,EMP023,2026-02-17,8,0,,PRJ009
ATT0907,EMP023,2026-02-18,8,0,,PRJ009
ATT0908,EMP023,2026-02-19,8,0,,PRJ009
ATT0909,EMP023,2026-02-23,8,0,,PRJ009
ATT0910,EMP023,2026-02-24,0,0,Sick Leave,PRJ009
ATT0911,EMP023,2026-02-25,8,0,,PRJ009
ATT0912,EMP023,2026-02-26,8,0,,PRJ009
ATT0913,EMP023,2026-03-02,8,0,,PRJ009
ATT0914,EMP023,2026-03-03,8,0,,PRJ009
ATT0915,EMP023,2026-03-04,8,0,,PRJ009
ATT0916,EMP023,2026-03-05,8,0,,PRJ009
ATT0917,EMP023,2026-03-09,8,0,,PRJ009
ATT0918,EMP023,2026-03-10,8,0,,PRJ009
ATT0919,EMP023,2026-03-11,8,0,,PRJ009
ATT0920,EMP023,2026-03-12,8,0,,PRJ009
ATT0921,EMP024,2026-01-05,8,0,,PRJ001
ATT0922,EMP024,2026-01-06,8,0,,PRJ001
ATT0923,EMP024,2026-01-07,8,0,,PRJ001
ATT0924,EMP024,2026-01-08,8,0,,PRJ001
ATT0925,EMP024,2026-01-12,8,0,,PRJ001
ATT0926,EMP024,2026-01-13,8,0,,PRJ001
ATT0927,EMP024,2026-01-14,8,0,,PRJ001
ATT0928,EMP024,2026-01-15,8,0,,PRJ001
ATT0929,EMP024,2026-01-19,8,0,,PRJ001
ATT0930,EMP024,2026-01-20,0,0,Annual Leave,PRJ001
ATT0931,EMP024,2026-01-21,8,0,,PRJ001
ATT0932,EMP024,2026-01-22,8,0,,PRJ001
ATT0933,EMP024,2026-01-26,8,0,,PRJ001
ATT0934,EMP024,2026-01-27,8,0,,PRJ001
ATT0935,EMP024,2026-01-28,8,0,,PRJ001
ATT0936,EMP024,2026-01-29,8,0,,PRJ001
ATT0937,EMP024,2026-02-02,8,0,,PRJ001
ATT0938,EMP024,2026-02-03,8,0,,PRJ001
ATT0939,EMP024,2026-02-04,8,0,,PRJ001
ATT0940,EMP024,2026-02-05,8,0,,PRJ001
ATT0941,EMP024,2026-02-09,8,0,,PRJ001
ATT0942,EMP024,2026-02-10,8,0,,PRJ001
ATT0943,EMP024,2026-02-11,8,0,,PRJ001
ATT0944,EMP024,2026-02-12,8,0,,PRJ001
ATT0945,EMP024,2026-02-16,8,0,,PRJ001
ATT0946,EMP024,2026-02-17,8,0,,PRJ001
ATT0947,EMP024,2026-02-18,8,0,,PRJ001
ATT0948,EMP024,2026-02-19,8,0,,PRJ001
ATT0949,EMP024,2026-02-23,8,0,,PRJ001
ATT0950,EMP024,2026-02-24,8,0,,PRJ001
ATT0951,EMP024,2026-02-25,0,0,Sick Leave,PRJ001
ATT0952,EMP024,2026-02-26,8,0,,PRJ001
ATT0953,EMP024,2026-03-02,8,0,,PRJ001
ATT0954,EMP024,2026-03-03,8,0,,PRJ001
ATT0955,EMP024,2026-03-04,8,0,,PRJ001
ATT0956,EMP024,2026-03-05,8,0,,PRJ001
ATT0957,EMP024,2026-03-09,8,0,,PRJ001
ATT0958,EMP024,2026-03-10,8,0,,PRJ001
ATT0959,EMP024,2026-03-11,8,0,,PRJ001
ATT0960,EMP024,2026-03-12,8,0,,PRJ001
ATT0961,EMP025,2026-01-05,8,0,,PRJ007
ATT0962,EMP025,2026-01-06,8,0,,PRJ007
ATT0963,EMP025,2026-01-07,8,0,,PRJ007
ATT0964,EMP025,2026-01-08,8,0,,PRJ007
ATT0965,EMP025,2026-01-12,8,0,,PRJ007
ATT0966,EMP025,2026-01-13,8,0,,PRJ007
ATT0967,EMP025,2026-01-14,8,0,,PRJ007
ATT0968,EMP025,2026-01-15,8,0,,PRJ007
ATT0969,EMP025,2026-01-19,8,0,,PRJ007
ATT0970,EMP025,2026-01-20,8,0,,PRJ007
ATT0971,EMP025,2026-01-21,8,0,,PRJ007
ATT0972,EMP025,2026-01-22,8,0,,PRJ007
ATT0973,EMP025,2026-01-26,8,0,,PRJ007
ATT0974,EMP025,2026-01-27,8,0,,PRJ007
ATT0975,EMP025,2026-01-28,0,0,Annual Leave,PRJ007
ATT0976,EMP025,2026-01-29,0,0,Annual Leave,PRJ007
ATT0977,EMP025,2026-02-02,8,0,,PRJ007
ATT0978,EMP025,2026-02-03,8,0,,PRJ007
ATT0979,EMP025,2026-02-04,8,0,,PRJ007
ATT0980,EMP025,2026-02-05,8,0,,PRJ007
ATT0981,EMP025,2026-02-09,8,0,,PRJ007
ATT0982,EMP025,2026-02-10,8,0,,PRJ007
ATT0983,EMP025,2026-02-11,8,0,,PRJ007
ATT0984,EMP025,2026-02-12,8,0,,PRJ007
ATT0985,EMP025,2026-02-16,8,0,,PRJ007
ATT0986,EMP025,2026-02-17,8,0,,PRJ007
ATT0987,EMP025,2026-02-18,8,0,,PRJ007
ATT0988,EMP025,2026-02-19,8,0,,PRJ007
ATT0989,EMP025,2026-02-23,8,0,,PRJ007
ATT0990,EMP025,2026-02-24,8,0,,PRJ007
ATT0991,EMP025,2026-02-25,8,0,,PRJ007
ATT0992,EMP025,2026-02-26,8,0,,PRJ007
ATT0993,EMP025,2026-03-02,8,0,,PRJ007
ATT0994,EMP025,2026-03-03,8,0,,PRJ007
ATT0995,EMP025,2026-03-04,8,0,,PRJ007
ATT0996,EMP025,2026-03-05,8,0,,PRJ007
ATT0997,EMP025,2026-03-09,8,0,,PRJ007
ATT0998,EMP025,2026-03-10,8,0,,PRJ007
ATT0999,EMP025,2026-03-11,0,0,Sick Leave,PRJ007
ATT1000,EMP025,2026-03-12,8,0,,PRJ007
